complaintId,complainantName,complainantFatherName,contact,nicNumber,address,incidentDate,incidentTime,location,description,evidencePath,status
CID 001,Spencer Brown,James Crawford,3058489955,93123-1322321-0,29324 Jenkins Drives Apt. 505 East Christinetown ME 91687,6/3/2023,7:05 AM,Brandiside,Over rise suggest now clear wife yard direction technology onto.,./Resources/images/Evidence/sadboy.jpeg,APPROVED
CID 002,Jennifer Brown,Alyssa Freeman,3025589671,93123-1322321-1,102 Yvette Rapid East Kenneth MI 66960,11/12/2023,12:16 PM,Rushland,Direction sure certainly four several new course guess your.,./Resources/images/Evidence/sadboy.jpeg,PENDING
CID 003,Leah Schneider,Frank Walker,3910502023,93123-1322321-2,59105 Scott Neck Apt. 284 Paulland MI 38477,1/27/2025,4:01 PM,New Eduardoshire,Blue open peace building concern foot back about painting.,./Resources/images/Evidence/sadboy.jpeg,PENDING
CID 004,Madison Hayes,Meagan Robbins,3495949441,93123-1322321-3,USNV Morgan FPO AE 39956,9/23/2023,12:46 PM,Port Rick,Fund news drop job maintain group forget real military build grow relate.,./Resources/images/Evidence/sadboy.jpeg,PENDING
CID 005,Ashley Roman,Jeffrey Baker,3440425417,93123-1322321-4,0229 Williams View Apt. 653 Vangview IL 22100,11/21/2024,10:21 PM,West Kaylaview,South which administration shoulder nation set pull name.,./Resources/images/Evidence/sadboy.jpeg,PENDING
CID 006,Rhonda Watkins,Austin Murphy,3286886670,93123-1322321-5,6003 Ruiz Gateway Destinymouth WV 34612,6/29/2023,10:07 AM,Staceytown,Usually TV service major shake audience include hear thank least story.,./Resources/images/Evidence/sadboy.jpeg,PENDING
CID 007,Alexander Mason,Kelly Williams,3435663012,93123-1322321-6,4218 Smith Inlet Apt. 189 East Mark PA 48998,3/2/2024,11:21 AM,Timothyview,Use science interview kitchen toward season all no part.,./Resources/images/Evidence/sadboy.jpeg,PENDING
CID 008,Nicole Hunter,Anna Terry,3168253032,93123-1322321-7,7127 Mary Rue New Tiffany WI 64380,1/13/2024,7:33 AM,Solisland,Natural discussion expect attack south check yard better material.,./Resources/images/Evidence/sadboy.jpeg,PENDING
CID 009,Steven Weaver,Nicholas Meza,3754318126,93123-1322321-8,271 Tina Way Suite 285 Annettefurt DE 17042,8/9/2024,9:33 AM,Christinestad,Sort end score true feel possible.,./Resources/images/Evidence/sadboy.jpeg,PENDING
CID 010,Jenny Diaz,Meagan Hunter,3632582857,93123-1322321-9,7809 Gregory Manor New Kimberly GA 91118,6/24/2024,7:45 PM,West Christianside,Protect fund rest relate actually treat goal affect.,./Resources/images/Evidence/sadboy.jpeg,PENDING
CID 011,Sarah Vance,Nathan Griffin,3566600943,93123-1322322-0,23727 Billy Fords Apt. 408 West Annmouth IL 91215,12/26/2023,5:26 AM,East Jeremystad,Fly spend election edge tell address far trouble magazine push.,./Resources/images/Evidence/sadboy.jpeg,PENDING
CID 012,Brett Davis,Laura Gonzalez,3629866812,93123-1322322-1,3321 Kelly Prairie Suite 442 Port Juliashire SC 90937,2/11/2025,5:21 AM,Mariaton,Suffer civil tree glass live sound beat bring place event forward data answer.,./Resources/images/Evidence/sadboy.jpeg,PENDING
CID 013,Gregory Franklin,Amy Mitchell,3729797211,93123-1322322-2,5706 Sanders Field Johnsonberg OH 37382,11/25/2023,7:58 PM,Brownside,Letter TV middle exactly case certainly big.,./Resources/images/Evidence/sadboy.jpeg,PENDING
CID 014,Jeffrey Hawkins,Gary Reyes,3852422425,93123-1322322-3,4139 Flowers Streets Suite 462 Ellisport TN 41367,11/3/2023,3:50 PM,Riosberg,Million natural yet girl development program investment happen.,./Resources/images/Evidence/sadboy.jpeg,PENDING
CID 015,Stacy Turner,Jordan Harrison,3238033531,93123-1322322-4,020 Liu Light Lake Jason SC 52844,10/11/2023,1:32 PM,Lake Derekstad,President question world data effort occur note best current happen minute beyond.,./Resources/images/Evidence/sadboy.jpeg,PENDING
CID 016,Lynn Jackson,Christine Cunningham,3269609359,93123-1322322-5,13106 Carlson Ranch East Katherine PA 30851,4/7/2024,10:28 PM,North Theresahaven,War soldier coach shake suddenly should rise edge.,./Resources/images/Evidence/sadboy.jpeg,PENDING
CID 017,Jasmine Gutierrez,Mrs. Sarah Clark,3562193936,93123-1322322-6,7524 Nathan Trail Apt. 732 Garciaside PA 10455,1/22/2024,10:24 PM,New Danielberg,Charge senior friend process young sound interview boy prove hot run necessary art.,./Resources/images/Evidence/sadboy.jpeg,PENDING
CID 018,Bryan Watts,Erik Sullivan,3676029555,93123-1322322-7,581 Davis Expressway Suite 435 Port Ashleyton DE 59102,12/27/2024,8:18 AM,New Johnberg,Total everything discover hot right never popular city require relate term have yet.,./Resources/images/Evidence/sadboy.jpeg,PENDING
CID 019,Melinda Harrington,Justin Myers,3639549310,93123-1322322-8,Unit 9726 Box 1494 DPO AE 22159,2/25/2024,6:21 AM,Huynhchester,Add social rate base will ask pretty behavior book machine indeed only stop.,./Resources/images/Evidence/sadboy.jpeg,PENDING
CID 020,Ashley Allison,Rebecca Burch,3368958094,93123-1322322-9,9739 Carroll Parks Apt. 143 Roblesbury RI 43177,1/12/2025,9:57 PM,East Carol,Within lawyer notice type Mrs culture more suddenly close tree.,./Resources/images/Evidence/sadboy.jpeg,PENDING
CID 021,Caitlin Miller,Kimberly Howell,3388722758,93123-1322323-0,8937 Matthew Route East Nicholasberg KS 92149,6/23/2023,10:42 AM,Julianview,Maybe ago rate young since public technology.,./Resources/images/Evidence/sadboy.jpeg,PENDING
CID 022,Shawn Orr,Rita Warren,3062123132,93123-1322323-1,39533 Roberts Parkway Allenport MS 11290,6/24/2024,2:23 AM,Kelleyville,Tend this event thought she language.,./Resources/images/Evidence/sadboy.jpeg,PENDING
CID 023,Jill Chavez,Jordan Roman II,3041410875,93123-1322323-2,5100 Terri Vista Robertsborough NV 14585,6/27/2024,9:48 AM,Michellestad,Difference field make century game another thing program everyone large close far.,./Resources/images/Evidence/sadboy.jpeg,PENDING
CID 024,Alan Tucker,Paul Swanson,3135065948,93123-1322323-3,53945 Erica Camp Whitneyport UT 21850,9/19/2023,3:12 PM,East Ronald,Which north far practice law wish together ago.,./Resources/images/Evidence/sadboy.jpeg,PENDING
CID 025,Laura Hamilton,Jacob Lewis,3517649132,93123-1322323-4,99422 Lindsey Cape Suite 491 Edwardshaven AK 38347,6/8/2023,5:52 AM,Port Jessica,Before machine actually until ground usually.,./Resources/images/Evidence/sadboy.jpeg,PENDING
CID 026,Jacob Allen,Kimberly Ponce,3241281343,93123-1322323-5,549 Castillo Common Laurenshire KY 64657,8/19/2024,6:08 AM,Shannonshire,Cultural center while north can yeah project office security significant firm.,./Resources/images/Evidence/sadboy.jpeg,PENDING
CID 027,Dustin Reed,Beth Fitzpatrick,3949933421,93123-1322323-6,70572 Curtis Fall Taylorton MT 32949,5/20/2024,5:05 PM,Larryport,Even direction police something score official create.,./Resources/images/Evidence/sadboy.jpeg,PENDING
CID 028,Jeremy Brewer,Kristina Roberts MD,3921627235,93123-1322323-7,10292 Hall Trail Apt. 430 South Danielside IL 27435,10/8/2023,5:29 PM,Port Colleen,Republican federal compare movie eye play forget.,./Resources/images/Evidence/sadboy.jpeg,PENDING
CID 029,Patrick Wilkinson,Julie Robbins,3848174741,93123-1322323-8,1595 Laura Islands West Joshua VT 61470,9/9/2023,3:51 PM,Johnsonside,Top raise cover box sometimes degree consider thus partner note though.,./Resources/images/Evidence/sadboy.jpeg,PENDING
CID 030,James Gomez,Kristy Palmer,3565221512,93123-1322323-9,PSC 9845 Box 5830 APO AA 90723,9/5/2023,7:19 AM,New Tommyville,Product no case democratic work opportunity such true major line.,./Resources/images/Evidence/sadboy.jpeg,PENDING
CID 031,Taylor Green,Rebecca Morales,3717239706,93123-1322324-0,49704 Darren Park North Christinaborough MT 64459,4/3/2024,8:03 PM,Smithfort,Benefit sign ask never thing raise choose boy eat where.,./Resources/images/Evidence/sadboy.jpeg,PENDING
CID 032,Susan Mendoza,Taylor Williams,3899339299,93123-1322324-1,2888 Anthony Groves South Joystad TX 17097,5/2/2025,12:30 AM,Chadview,Process deal without party area concern choice production citizen partner.,./Resources/images/Evidence/sadboy.jpeg,PENDING
CID 033,Tammy Barnes,Morgan Pacheco,3867794758,93123-1322324-2,USNS Johnson FPO AE 09709,7/6/2024,6:55 PM,Andersonport,Thing run foreign floor open far real know executive address.,./Resources/images/Evidence/sadboy.jpeg,PENDING
CID 034,Nicholas Villanueva,Kelly Montoya,3971015696,93123-1322324-3,2589 Dana Port Apt. 778 North Adam OH 82853,4/16/2024,10:47 AM,Brownburgh,Worry gun small thought cause room writer society stay worker argue fly.,./Resources/images/Evidence/sadboy.jpeg,PENDING
CID 035,Wendy Collins,Casey Reyes,3744192263,93123-1322324-4,0202 Cortez Ways North Timothy NH 74896,9/9/2024,9:59 PM,Port Dawn,Family how wish old animal there.,./Resources/images/Evidence/sadboy.jpeg,PENDING
CID 036,Claudia Hart,Dean Barton,3738913128,93123-1322324-5,554 Thomas Courts South Brandonville IL 17361,8/16/2024,6:19 AM,Gregorymouth,Central hit eye minute include in term usually.,./Resources/images/Evidence/sadboy.jpeg,PENDING
CID 037,Anna Black,Christopher Roberts,3545684741,93123-1322324-6,154 Ashlee Squares Margaretton MI 50330,9/30/2024,10:44 PM,Gibsonhaven,Certain ground will share fish meeting item during policy agency however around.,./Resources/images/Evidence/sadboy.jpeg,PENDING
CID 038,Jacob Watson,Kyle Gray,3015879710,93123-1322324-7,2288 Rodney Flat Apt. 189 South William KY 12461,4/20/2024,12:21 PM,Port Pamelaburgh,Station wife spend physical knowledge language believe change else hear wide design child.,./Resources/images/Evidence/sadboy.jpeg,PENDING
CID 039,Troy Richardson,Bianca Cervantes,3031858369,93123-1322324-8,47329 Cameron Center New Ryan AK 90838,10/12/2023,4:00 PM,Lake Danielfurt,Already billion magazine various lay appear offer important national stand.,./Resources/images/Evidence/sadboy.jpeg,PENDING
CID 040,Andrew Nguyen,Justin Lee,3510520033,93123-1322324-9,130 Michael Village Port Hannahton OH 90705,9/27/2024,6:12 AM,Port Daltonhaven,Where research all south doctor force time.,./Resources/images/Evidence/sadboy.jpeg,PENDING
CID 041,Tiffany Lambert,Tanya Cruz,3497862626,93123-1322325-0,PSC 3425 Box 4370 APO AE 74871,9/7/2023,11:37 PM,Jasonstad,Have professional yes just positive within tough step color follow off fine interesting.,./Resources/images/Evidence/sadboy.jpeg,PENDING
CID 042,Jenna Hernandez,Daniel Padilla,3028845107,93123-1322325-1,6654 Dale Track Suite 772 North Bryan NE 92356,2/2/2024,4:42 AM,Mathewborough,In choose treatment hope program do treat yet western.,./Resources/images/Evidence/sadboy.jpeg,PENDING
CID 043,Elizabeth Taylor,Erica Evans,3167410904,93123-1322325-2,8994 Melissa Crest Apt. 290 North Catherine SD 85357,4/20/2024,6:15 AM,West Dawn,Good if water agent make travel sea office wide read window scene.,./Resources/images/Evidence/sadboy.jpeg,PENDING
CID 044,Ryan Ross,Robert Smith,3391689998,93123-1322325-3,760 Jerry Port Apt. 769 Wrightshire NC 03597,4/8/2025,11:50 PM,Cynthiaton,Light modern so trial person increase past.,./Resources/images/Evidence/sadboy.jpeg,PENDING
CID 045,Monica Warren,Paula Bean,3684862420,93123-1322325-4,2513 Jared Terrace Suite 221 South Brianland CO 53625,5/25/2025,7:26 PM,Beanhaven,Opportunity color you book fall manage weight since same find.,./Resources/images/Evidence/sadboy.jpeg,PENDING
CID 046,Ashley Wells,Bryan James,3370895143,93123-1322325-5,58846 Baker Square North Ricky MD 74714,1/13/2025,3:44 PM,Lake Mark,Year oil cell soldier half business oil.,./Resources/images/Evidence/sadboy.jpeg,PENDING
CID 047,Cynthia Thomas,Stephanie Thompson,3355567420,93123-1322325-6,12528 Kristie Circles Suite 880 Schneiderberg OH 99873,7/20/2023,8:56 PM,Loganville,Almost because job power from not beyond it in child treat especially.,./Resources/images/Evidence/sadboy.jpeg,PENDING
CID 048,Robin Watson,Linda Freeman,3923735690,93123-1322325-7,54076 Anthony Rapids Apt. 348 Kimberlymouth DE 28140,11/7/2023,7:01 AM,Lake Matthewside,Including red despite network perhaps after force pass six surface standard despite raise.,./Resources/images/Evidence/sadboy.jpeg,PENDING
CID 049,David Buchanan,Cheryl Randall,3921491793,93123-1322325-8,5274 Leslie Mountains New Theresa VT 25826,11/21/2024,11:14 AM,South Monique,Save soon well must already these growth never machine child quite general animal.,./Resources/images/Evidence/sadboy.jpeg,PENDING
CID 050,Erik Hester,Hunter Stephens,3553342793,93123-1322325-9,43164 Vang Points Kathymouth CT 02918,9/29/2023,3:07 AM,Davisview,Knowledge employee institution end fact ready coach.,./Resources/images/Evidence/sadboy.jpeg,PENDING
CID 051,Christine Martinez,Anthony Lucas,3871168975,93123-1322326-0,3033 Brady Throughway Suite 892 Johnton TX 82204,8/30/2023,12:53 AM,Amandaport,Eight light she store quite see serve successful line door.,./Resources/images/Evidence/sadboy.jpeg,PENDING
CID 052,William Hebert,Anthony Shaffer,3544292610,93123-1322326-1,050 Contreras Plains Barajashaven WV 92673,7/11/2023,3:38 PM,Andreborough,Important determine within fund behind year fact lay.,./Resources/images/Evidence/sadboy.jpeg,PENDING
CID 053,Brianna Anthony,Karen Watson,3080060353,93123-1322326-2,608 Anthony Bridge North Michelle SD 82665,10/5/2023,4:59 PM,East John,Clearly wear right color yet production debate police agency hope common thought half.,./Resources/images/Evidence/sadboy.jpeg,PENDING
CID 054,Andrew Wagner,Miss Karen Rodriguez,3035519054,93123-1322326-3,9074 Fox Park Suite 688 West Sara MI 78470,4/20/2024,6:43 AM,Port Sandraland,Me protect toward ok trade dinner difference family than middle thus town.,./Resources/images/Evidence/sadboy.jpeg,PENDING
CID 055,Aaron Peterson,Ariana Williams,3520752980,93123-1322326-4,01905 Michael Street Suite 677 Johnsonhaven DE 82756,4/19/2024,1:18 AM,Thomasside,So able here goal political education.,./Resources/images/Evidence/sadboy.jpeg,PENDING
CID 056,Erin Vaughn,Audrey Dyer,3380399158,93123-1322326-5,5600 Lamb Harbors Suite 539 New Ashley OH 66154,7/16/2024,10:34 AM,Port Monica,Often particularly security claim hour return dark.,./Resources/images/Evidence/sadboy.jpeg,PENDING
CID 057,Morgan Curtis,Stacy Williams,3535204080,93123-1322326-6,876 Eric River Mannbury AK 66786,1/31/2024,8:47 PM,West Gregory,Man who meeting material two speech head yeah provide.,./Resources/images/Evidence/sadboy.jpeg,PENDING
CID 058,Roger Hatfield,Amy Murphy,3343725836,93123-1322326-7,571 Amanda Road Henryport TX 86611,12/26/2024,9:36 AM,East Christopher,Although country relationship bit safe production form television.,./Resources/images/Evidence/sadboy.jpeg,PENDING
CID 059,Krista Boyd,Melissa Kennedy,3451907082,93123-1322326-8,97551 Quinn Crossroad Apt. 494 Jacksonborough MT 43531,12/14/2024,5:35 AM,South Jasmine,Believe strong any purpose newspaper by dinner ask commercial doctor.,./Resources/images/Evidence/sadboy.jpeg,PENDING
CID 060,Christopher Foster,Gabriel Montes,3861629770,93123-1322326-9,008 Jacqueline Lights Hammondbury NC 12740,4/9/2024,12:12 PM,Port Megan,Grow detail successful understand recent year seek argue.,./Resources/images/Evidence/sadboy.jpeg,PENDING
CID 061,Keith King,Travis Chandler,3474704308,93123-1322327-0,75884 Nunez Manors Apt. 157 South Kathryn NM 98468,1/19/2025,4:56 AM,Moyerhaven,Discussion story trade pay exist either oil beyond indeed street number pull mother.,./Resources/images/Evidence/sadboy.jpeg,PENDING
CID 062,Anthony Jenkins,Kevin Bean,3542207155,93123-1322327-1,Unit 1310 Box 8121 DPO AP 05539,6/10/2024,5:31 PM,New Jacob,Garden five enter factor yet or fight.,./Resources/images/Evidence/sadboy.jpeg,PENDING
CID 063,Daniel Barnes,Kevin Lopez,3051045754,93123-1322327-2,21384 Lane Ridges Jacobtown MA 91804,6/6/2024,7:34 PM,Martinezborough,Church care easy view how response city future several former face office.,./Resources/images/Evidence/sadboy.jpeg,PENDING
CID 064,Katherine Anderson DVM,Michael Avila,3819709006,93123-1322327-3,PSC 3751 Box 7750 APO AP 25954,12/6/2024,2:40 PM,Nicholsside,Present fast also decision stage two region number both morning light.,./Resources/images/Evidence/sadboy.jpeg,PENDING
CID 065,Richard Singh,Katherine White,3071865119,93123-1322327-4,217 Gabrielle Bridge Apt. 316 East Nathanport IA 05391,11/19/2023,4:02 AM,Savagemouth,Each power staff training left after bit toward adult also get inside.,./Resources/images/Evidence/sadboy.jpeg,PENDING
CID 066,Nicholas Williams,Ariana Donaldson,3768814020,93123-1322327-5,49695 Jeffrey Viaduct West Cindy NV 47552,8/18/2023,6:45 AM,Port Elizabeth,Onto sing nearly family issue field dinner who wind recognize remember during owner.,./Resources/images/Evidence/sadboy.jpeg,PENDING
CID 067,Emily Wells,Jennifer Brown,3065313835,93123-1322327-6,55690 Jennifer Row Suite 574 New Victoriastad HI 70812,1/16/2025,1:06 AM,East Anna,Strong over election account trouble make outside.,./Resources/images/Evidence/sadboy.jpeg,PENDING
CID 068,Darren Obrien,Larry Clark,3771808830,93123-1322327-7,6523 Brianna Neck Lake Cheryl NC 74695,6/6/2023,8:30 PM,West Sheilamouth,Program share agree memory voice off I.,./Resources/images/Evidence/sadboy.jpeg,PENDING
CID 069,Benjamin Levine,Laura Perez,3725854286,93123-1322327-8,987 Williams Port Thomaschester AR 01985,2/6/2024,12:23 PM,Bellview,Five military amount everyone peace a notice.,./Resources/images/Evidence/sadboy.jpeg,PENDING
CID 070,Laura Crawford,Regina Perez,3120935657,93123-1322327-9,329 Ramirez Mission Lake Kendra MA 91107,5/9/2024,2:57 PM,North Stephaniebury,Oil music fast picture through really.,./Resources/images/Evidence/sadboy.jpeg,PENDING
CID 071,James Larsen,Michael Mcgee,3323251374,93123-1322328-0,45106 Stevens Flat Apt. 714 Downsbury RI 56172,10/3/2023,5:44 PM,North Nicolefort,Wrong say talk west central might.,./Resources/images/Evidence/sadboy.jpeg,PENDING
CID 072,Diana Patterson,William Cooper,3265567863,93123-1322328-1,840 Mark Path Apt. 013 New Heather ND 62164,4/1/2024,5:29 PM,Matthewbury,Tax operation stuff exactly purpose opportunity between nation image.,./Resources/images/Evidence/sadboy.jpeg,PENDING
CID 073,Laura Mcconnell,April Green,3369141669,93123-1322328-2,1537 Christopher Roads Zavalaberg NJ 39180,3/24/2024,7:05 AM,South Mikebury,Head someone if throw indicate professor example idea fast meeting win.,./Resources/images/Evidence/sadboy.jpeg,PENDING
CID 074,Timothy Shaffer,Michelle Bright,3920353999,93123-1322328-3,98482 Lori Cliffs Apt. 044 Carneymouth RI 26967,10/26/2023,9:13 AM,Cameronborough,Go hair contain quite someone fly suggest almost.,./Resources/images/Evidence/sadboy.jpeg,PENDING
CID 075,Justin Carr,Chad Nguyen,3685029215,93123-1322328-4,68921 Dana Hollow Apt. 422 Michaelberg TX 91270,2/24/2025,5:13 PM,East Ambershire,Heavy tax hundred magazine measure computer.,./Resources/images/Evidence/sadboy.jpeg,PENDING
CID 076,Patricia Walker,Kristen Miller,3615281693,93123-1322328-5,35622 Tanner River Apt. 050 Thomasburgh RI 28281,5/26/2024,10:32 PM,Lake Bethborough,After sense clearly from available reveal leader teach nothing easy key type.,./Resources/images/Evidence/sadboy.jpeg,PENDING
CID 077,Manuel Torres,Nancy Buchanan,3243517950,93123-1322328-6,030 Carlson Knolls Washingtonland UT 95470,2/10/2024,2:39 AM,Gregoryberg,Cause fish difference wife what while reflect available drug food.,./Resources/images/Evidence/sadboy.jpeg,PENDING
CID 078,Timothy Villanueva,Travis Sparks,3739534678,93123-1322328-7,63373 Jeremy Vista North Pamela GA 07474,3/20/2024,4:49 PM,Harrisbury,Realize sense the raise much nature scene.,./Resources/images/Evidence/sadboy.jpeg,PENDING
CID 079,Michael Roberson,Jessica Moore,3247446211,93123-1322328-8,56066 Morris Isle Suite 556 Davidhaven ND 16618,9/3/2024,9:07 PM,Brandonhaven,Nothing evidence leave knowledge toward former thousand TV build unit option.,./Resources/images/Evidence/sadboy.jpeg,PENDING
CID 080,Wendy Adkins,Lisa Jacobs,3552895582,93123-1322328-9,131 Jones Harbor Apt. 792 Susanshire NJ 40471,11/21/2024,10:21 AM,Gregoryborough,Bad institution tonight act base suddenly support but share policy happy PM.,./Resources/images/Evidence/sadboy.jpeg,PENDING
CID 081,Peter Smith,Justin Baker,3624399599,93123-1322329-0,41343 Willis Highway Port Ashley CT 70073,11/11/2023,1:20 AM,Justinland,Production food skin building front including analysis phone site.,./Resources/images/Evidence/sadboy.jpeg,PENDING
CID 082,Valerie Fry,Kayla Morris,3848319938,93123-1322329-1,5261 Jenkins Cove Apt. 375 Richardfort AK 02622,3/19/2025,2:12 PM,West Catherineshire,Significant take certainly specific various it mission hair again partner weight.,./Resources/images/Evidence/sadboy.jpeg,PENDING
CID 083,Todd Smith,Timothy White,3982621950,93123-1322329-2,55327 Newton Trail Madisontown ME 72778,5/3/2025,3:01 PM,Lake Paulamouth,South all usually growth step how machine defense actually.,./Resources/images/Evidence/sadboy.jpeg,PENDING
CID 084,Bailey Arnold,Edwin Morris,3349814514,93123-1322329-3,8656 John Corner Ryanburgh DC 23549,8/19/2024,12:09 PM,North Stevenfort,Those effect one truth growth out offer military people box both.,./Resources/images/Evidence/sadboy.jpeg,PENDING
CID 085,Joseph Erickson,Patrick Villarreal,3778992672,93123-1322329-4,4564 Daniel Mountain East Steven ND 33060,7/13/2024,3:08 PM,West Oliviaside,Control question nature Democrat case medical surface present office.,./Resources/images/Evidence/sadboy.jpeg,PENDING
CID 086,Stacey Ayala,Grant Silva,3972018984,93123-1322329-5,055 Tammy Falls Barbermouth TX 71808,7/10/2023,12:16 PM,Davidborough,Though station should rest all officer hand society.,./Resources/images/Evidence/sadboy.jpeg,PENDING
CID 087,Maria Johnson,Logan Keller,3895141860,93123-1322329-6,41941 Marie Rest Apt. 727 Wrightbury RI 23415,3/22/2024,5:12 AM,South Robertborough,Upon value recent soon civil range ask.,./Resources/images/Evidence/sadboy.jpeg,PENDING
CID 088,Anthony Williams MD,Martin Nguyen,3446580534,93123-1322329-7,376 Marsh Rest Brownshire MA 13959,3/2/2025,6:23 AM,Andreaport,Leg above style partner over morning cost wrong relate growth.,./Resources/images/Evidence/sadboy.jpeg,PENDING
CID 089,Monica Finley,Ashley Hoffman,3312222434,93123-1322329-8,70273 David Valleys East Richardstad PA 90433,11/6/2024,5:08 PM,Port Christopher,Middle plant language throw available fast machine around small instead material discuss.,./Resources/images/Evidence/sadboy.jpeg,PENDING
CID 090,Angela Holmes,Laura Durham,3192526676,93123-1322329-9,342 Moore Hill Palmertown MT 87933,3/24/2024,4:43 AM,New Eric,Those provide two beyond approach dream guess director lay listen statement raise bed.,./Resources/images/Evidence/sadboy.jpeg,PENDING
CID 091,Christopher Ryan Jr.,Benjamin Gonzalez,3133162782,93123-1322330-0,3588 Jones Course West Adriana MI 76227,8/18/2024,3:14 PM,New Brent,Bank deal high tax themselves open heart economy.,./Resources/images/Evidence/sadboy.jpeg,PENDING
CID 092,Jessica Thomas,Maria White,3643389840,93123-1322330-1,552 Laura Cove Suite 018 Johnsonshire CT 37264,5/23/2025,9:50 AM,Levinetown,Customer local side necessary way scene on new write most left.,./Resources/images/Evidence/sadboy.jpeg,PENDING
CID 093,Brittany Vincent,Sherri Gallegos,3348192591,93123-1322330-2,24405 Henry Spur Williambury NH 25503,4/23/2024,11:00 AM,East Theresastad,Feel step region Congress place season back particular worker occur let.,./Resources/images/Evidence/sadboy.jpeg,PENDING
CID 094,Connie Aguilar,Brandon Hardy,3081876829,93123-1322330-3,11683 Davis Overpass North Jessica HI 69292,1/9/2025,10:42 PM,West Wesley,The push notice easy TV feeling.,./Resources/images/Evidence/sadboy.jpeg,PENDING
CID 095,Christopher Jones,Nathan Jacobson,3867481375,93123-1322330-4,3409 Luis Canyon Apt. 416 Hernandezview FL 70469,1/31/2025,12:18 PM,South Jeffrey,Others ground enjoy ground world close tree this great.,./Resources/images/Evidence/sadboy.jpeg,PENDING
CID 096,Kendra Brennan,Stacy Thompson,3026346899,93123-1322330-5,USNS Hobbs FPO AP 17178,5/3/2025,12:17 PM,West Thomas,Relate course several somebody suggest class list card back rock generation marriage that.,./Resources/images/Evidence/sadboy.jpeg,PENDING
CID 097,Anthony Sandoval,Marissa Fields,3696596870,93123-1322330-6,USCGC Smith FPO AA 76525,2/7/2024,9:31 AM,South Brandonfurt,Win kid couple most special trip.,./Resources/images/Evidence/sadboy.jpeg,PENDING
CID 098,Manuel Snyder,Jason White,3425870482,93123-1322330-7,Unit 0939 Box 2988 DPO AA 22248,7/29/2024,3:40 PM,Mccannland,World decide impact already detail official produce.,./Resources/images/Evidence/sadboy.jpeg,PENDING
CID 099,Michael Rasmussen,Mrs. Alicia Ramirez MD,3958171368,93123-1322330-8,78978 Matthews Key Jonesfort NV 79922,10/14/2024,9:12 AM,Billychester,Exactly side necessary chance will father art before soon choose treatment big money.,./Resources/images/Evidence/sadboy.jpeg,PENDING
CID 100,Daniel Williams,Cody Lee,3383368443,93123-1322330-9,266 Paul Camp Suite 309 Kevinmouth ID 32931,8/21/2023,2:37 AM,North William,Him indeed student finish family family discover.,./Resources/images/Evidence/sadboy.jpeg,PENDING
CID 101,Christine Saunders,Kathryn Gutierrez,3439737008,93123-1322331-0,961 Richard Station Suite 408 Alexanderton AL 46019,3/20/2024,4:03 PM,Petersonfort,His sister suddenly news fill wrong final though material.,./Resources/images/Evidence/sadboy.jpeg,PENDING
CID 102,Tammy Owens,Margaret Klein,3318695588,93123-1322331-1,41445 Alexander Isle Apt. 298 Elizabethton ID 35844,3/30/2025,12:41 PM,Davidchester,Black cost control nothing since entire southern capital.,./Resources/images/Evidence/sadboy.jpeg,PENDING
CID 103,Chris Lawrence,David Williamson,3851274427,93123-1322331-2,3717 Angela Ports East Sharon AZ 37286,6/24/2024,11:02 PM,North Devinside,Available leader rise per husband provide social wear machine develop month light I.,./Resources/images/Evidence/sadboy.jpeg,PENDING
CID 104,Cindy Bennett,Mark West,3541353687,93123-1322331-3,103 Krystal Crossroad New Brianshire NJ 01975,4/8/2025,10:27 AM,Edwardborough,Face color do girl some exactly important no heart third.,./Resources/images/Evidence/sadboy.jpeg,PENDING
CID 105,Tonya Campos,James Moore,3594357415,93123-1322331-4,7163 Parks Road Suite 547 Port Michelleshire RI 62860,3/17/2025,1:09 PM,Jonestown,Onto least play some eat yard too general though statement just or fine.,./Resources/images/Evidence/sadboy.jpeg,PENDING
CID 106,Sarah Watson,Brittney Harris,3748497811,93123-1322331-5,144 Matthew Corners Samanthahaven GA 83873,6/6/2023,3:07 PM,Hughesmouth,Remain agree culture child ability high girl age audience policy amount suggest.,./Resources/images/Evidence/sadboy.jpeg,PENDING
CID 107,Adam Murillo,Karen Cline,3933002553,93123-1322331-6,PSC 3806 Box 2458 APO AE 29418,6/1/2023,4:54 PM,Bryanfurt,Amount quite if bill base store cold affect.,./Resources/images/Evidence/sadboy.jpeg,PENDING
CID 108,Sharon Hunt,Jordan Sellers,3212080208,93123-1322331-7,93922 David Tunnel South Alison ME 32628,3/30/2024,8:14 PM,East Benjamin,Event owner four of safe fight camera role yet.,./Resources/images/Evidence/sadboy.jpeg,PENDING
CID 109,Mary Walsh,Robert Price,3877759780,93123-1322331-8,51618 Ashley Rest Suite 383 North Benjaminport MI 12885,9/19/2023,6:22 PM,East Joshualand,Political baby nation hear several plant rise follow speak.,./Resources/images/Evidence/sadboy.jpeg,PENDING
CID 110,Carla Young,William Salazar,3559256195,93123-1322331-9,04589 King Cliffs West Joseph NC 07270,8/8/2023,6:49 PM,Lake Anthony,Finally gun peace though people democratic month nation evidence size total.,./Resources/images/Evidence/sadboy.jpeg,PENDING
CID 111,Michael Mooney,Linda Sawyer,3995203497,93123-1322332-0,40139 Brian Walk Jonesville UT 42345,7/27/2023,5:24 AM,Port Katherine,Simple dream experience theory officer rather too.,./Resources/images/Evidence/sadboy.jpeg,PENDING
CID 112,Kara Robles,Ronald Reid,3027424528,93123-1322332-1,48646 Melissa Point Suite 555 Ellisonside IL 91499,4/30/2024,1:53 AM,Shirleyfurt,Staff listen recent of seat cause event fly site decade affect feeling model.,./Resources/images/Evidence/sadboy.jpeg,PENDING
CID 113,Deborah Kim,Brent Thomas,3630836380,93123-1322332-2,7778 Russo Viaduct Apt. 222 New Hannahstad MT 28899,6/26/2023,2:06 AM,Mayoside,Conference smile lead happen instead husband station field organization during sea human cost.,./Resources/images/Evidence/sadboy.jpeg,PENDING
CID 114,Sean Williams,Christopher Harvey,3278514729,93123-1322332-3,Unit 3454 Box 2784 DPO AA 23158,10/26/2024,9:19 AM,South Christopher,Image guy particularly people yet resource recent side watch garden.,./Resources/images/Evidence/sadboy.jpeg,PENDING
CID 115,Robert Lynch,Brianna Bryant,3128197343,93123-1322332-4,02498 Gina Circle Apt. 201 South Nathanieltown KY 35495,7/31/2024,12:48 PM,Billchester,Simple others painting choose simply PM skin occur.,./Resources/images/Evidence/sadboy.jpeg,PENDING
CID 116,Jesus Chandler,Rebecca Diaz,3376670963,93123-1322332-5,96419 Jones Walk Port John KS 64113,1/11/2025,6:59 AM,Rosetown,Day sport station south bit possible common up heavy structure community.,./Resources/images/Evidence/sadboy.jpeg,PENDING
CID 117,Elaine Mcconnell,Julie Finley,3938649839,93123-1322332-6,62596 Lisa Roads Suite 073 Bryanton KS 11398,11/14/2023,7:00 PM,Davidbury,Decide bar owner language every peace whose nation half now likely although.,./Resources/images/Evidence/sadboy.jpeg,PENDING
CID 118,David Ruiz,Taylor Hughes,3327734001,93123-1322332-7,661 Andrew Run Suite 068 New Jason AZ 11509,7/16/2024,8:07 AM,Coxchester,Next in his tax hot media major page.,./Resources/images/Evidence/sadboy.jpeg,PENDING
CID 119,Tammy Collins,Benjamin Allen,3361621027,93123-1322332-8,65448 Tanner Landing Apt. 398 West David NM 12891,2/11/2025,9:02 AM,Port Adamburgh,Yet scientist four west heart doctor test feel project throw day.,./Resources/images/Evidence/sadboy.jpeg,PENDING
CID 120,Tristan Carter,Angela Williams,3591671364,93123-1322332-9,541 Terri Hills New Christine MO 70376,9/5/2023,12:49 PM,Robinsonshire,Knowledge nice over trip person bit ground item offer.,./Resources/images/Evidence/sadboy.jpeg,PENDING
CID 121,Steven Collins,Mitchell Long,3927789313,93123-1322333-0,225 Fisher Alley Apt. 730 Jenniferburgh WY 19019,11/16/2024,8:57 PM,Port Holly,Society matter environment apply probably member nation.,./Resources/images/Evidence/sadboy.jpeg,PENDING
CID 122,Crystal Morales,Tracy Sullivan,3724497379,93123-1322333-1,38117 Huber Row New Deniseshire NE 76231,10/30/2023,6:40 PM,Wintersfort,Real vote late foreign and various hotel leg consumer available particular performance able.,./Resources/images/Evidence/sadboy.jpeg,PENDING
CID 123,Brian Le,Ashley Sosa,3913491601,93123-1322333-2,96830 Gibson Village Nicolefurt ID 70633,2/28/2024,6:36 PM,Collinsbury,Throughout suggest this write thing reflect enter.,./Resources/images/Evidence/sadboy.jpeg,PENDING
CID 124,Marco Miller,Susan Johnson,3890010625,93123-1322333-3,Unit 0511 Box 5542 DPO AE 89437,11/29/2024,4:46 AM,South Joannview,Owner that growth finally rest daughter government some election develop.,./Resources/images/Evidence/sadboy.jpeg,PENDING
CID 125,Paul Wolfe DVM,Megan Decker,3575659196,93123-1322333-4,963 Thompson Key Katherineshire RI 75606,5/16/2024,11:27 PM,East Connieburgh,Instead million within need season company approach change care institution school friend.,./Resources/images/Evidence/sadboy.jpeg,PENDING
CID 126,Jennifer Miller,Adriana Obrien,3751432912,93123-1322333-5,03383 Taylor Locks Lambshire WY 70177,3/15/2025,3:10 PM,South Taylorport,Never make interesting course early box stock government specific.,./Resources/images/Evidence/sadboy.jpeg,PENDING
CID 127,Lori Horton,Mark Howard,3039537777,93123-1322333-6,0274 Smith Dam Apt. 931 North Danielbury NH 84437,5/16/2024,10:28 PM,Alanshire,Five officer firm create vote against director top.,./Resources/images/Evidence/sadboy.jpeg,PENDING
CID 128,William Webb,Allen Byrd,3897612423,93123-1322333-7,142 Shirley Spurs Suite 005 New Tony NH 37267,3/27/2024,4:57 PM,Harrisville,Fly rich could various many sport alone of bit painting.,./Resources/images/Evidence/sadboy.jpeg,PENDING
CID 129,Martha Harris,Tammy Lewis,3298697688,93123-1322333-8,21448 Marshall Overpass West Patrick MN 89604,6/9/2024,8:08 PM,South John,Pay air bag I modern together big want free choose money party production.,./Resources/images/Evidence/sadboy.jpeg,PENDING
CID 130,Ashley Gray,Emily Wright,3774547330,93123-1322333-9,76689 Nelson Harbors Port Adam UT 41564,2/14/2024,7:06 AM,North Katiemouth,College purpose miss realize out much Democrat field money white ever first structure.,./Resources/images/Evidence/sadboy.jpeg,PENDING
CID 131,Joshua Ortiz,William Jacobson,3852136804,93123-1322334-0,93268 Williams Spur Apt. 356 North Nicholas SD 16977,12/25/2023,6:31 PM,South Juliefurt,Alone fact side instead top reach national weight air west bank cultural.,./Resources/images/Evidence/sadboy.jpeg,PENDING
CID 132,Keith Walters,Kathleen Castro,3144783638,93123-1322334-1,8676 Kathryn Turnpike Port Annshire AL 92370,9/24/2024,6:26 AM,Evanmouth,Security drop wish early son food election.,./Resources/images/Evidence/sadboy.jpeg,PENDING
CID 133,Lisa Clark,Mario Banks,3291108577,93123-1322334-2,493 Graves Rapids Apt. 399 Patriciaburgh WA 43265,4/5/2025,10:03 AM,Nelsonhaven,Ok thousand eat degree though give hand less blue.,./Resources/images/Evidence/sadboy.jpeg,PENDING
CID 134,Andrea Morrison,Justin Sanchez,3635644528,93123-1322334-3,6975 Tiffany Cliff Suite 438 Starkside NY 85087,12/24/2024,2:23 AM,North Jefferyside,Pay Democrat group allow control ability will.,./Resources/images/Evidence/sadboy.jpeg,PENDING
CID 135,Sandra Diaz,Nicole Rivera,3549155088,93123-1322334-4,1993 Marquez Camp North Rhonda MN 43475,2/13/2024,8:59 AM,Antoniomouth,Author nothing sound event spend myself hold describe next project example discover rule.,./Resources/images/Evidence/sadboy.jpeg,PENDING
CID 136,Rhonda Johnson,Timothy Hartman,3617943046,93123-1322334-5,3721 Jill Fords Suite 332 Millerburgh CO 31685,7/13/2023,4:14 PM,Clarkville,Create soon president ask page unit center firm term.,./Resources/images/Evidence/sadboy.jpeg,PENDING
CID 137,Carl Anthony,George Berg,3315138910,93123-1322334-6,020 Charles Way Apt. 357 Esparzafort HI 95284,9/28/2024,6:59 AM,Port Karen,Direction student in choice reach PM cultural response range identify event view.,./Resources/images/Evidence/sadboy.jpeg,PENDING
CID 138,Micheal Gray,Wayne Love,3543501948,93123-1322334-7,7934 Colleen Fall Suite 165 Kimshire TX 75880,12/8/2023,11:58 AM,Finleyview,Piece up news have able protect how best.,./Resources/images/Evidence/sadboy.jpeg,PENDING
CID 139,Jason Fischer MD,Jennifer Morgan,3569216203,93123-1322334-8,9260 Joseph Isle Apt. 497 Matthewside RI 52986,8/7/2023,3:44 PM,Lake Patricialand,Artist very hold recently close often.,./Resources/images/Evidence/sadboy.jpeg,PENDING
CID 140,Curtis Lynch,Kimberly Rice,3344910915,93123-1322334-9,231 Wright Mountains Smithport AK 65326,1/6/2025,2:53 AM,East Williamfurt,Commercial out place style room produce most generation with professional thus model let.,./Resources/images/Evidence/sadboy.jpeg,PENDING
CID 141,John Malone,Ryan Cummings,3531787859,93123-1322335-0,64937 Knight Inlet North Alexville VA 88189,4/4/2025,3:14 PM,New Patricia,Nature learn billion realize thought personal former throughout forward tree.,./Resources/images/Evidence/sadboy.jpeg,PENDING
CID 142,Barbara Park,Madison Curtis,3412278550,93123-1322335-1,USNV Townsend FPO AA 04729,12/11/2024,3:19 PM,North Christopherport,Environmental direction short fly arrive cell major nice attorney language not.,./Resources/images/Evidence/sadboy.jpeg,PENDING
CID 143,Heidi Moore,Charles Nguyen,3586986363,93123-1322335-2,16843 Kristopher Walks Apt. 156 West Jerryfurt NH 77178,10/10/2023,9:44 PM,Bensonville,Within ground environmental turn than speech future born current hope condition seem.,./Resources/images/Evidence/sadboy.jpeg,PENDING
CID 144,Rhonda Hudson,Ricky Williams,3817809186,93123-1322335-3,06824 Micheal Ranch Lopezville PA 91650,3/20/2024,7:01 AM,Port Elizabeth,Side whole part indeed soon discover action him director site bank arrive worry.,./Resources/images/Evidence/sadboy.jpeg,PENDING
CID 145,Becky Juarez,Robert Krueger,3257435171,93123-1322335-4,0183 Garza Views Suite 906 Bryanside OH 69674,3/23/2024,7:59 AM,Noahside,Old director such sing common available nothing teacher.,./Resources/images/Evidence/sadboy.jpeg,PENDING
CID 146,Ariel Stein,Joshua Pope,3075915278,93123-1322335-5,67307 Tapia Vista Apt. 442 East Gavinburgh MA 78679,5/28/2024,3:44 AM,Smithburgh,Itself candidate grow believe century still.,./Resources/images/Evidence/sadboy.jpeg,PENDING
CID 147,Sarah Young,Rachel Mccarthy,3013297015,93123-1322335-6,0792 Berry Stravenue South Angela NH 90765,10/19/2023,5:50 AM,Williamsmouth,Sense cold indicate send yes reflect economy wait even else into chair affect.,./Resources/images/Evidence/sadboy.jpeg,PENDING
CID 148,Joshua Mitchell,Amanda Perez,3316034864,93123-1322335-7,55949 Stein Plaza Apt. 650 East Katie NJ 31548,6/25/2023,3:13 PM,Garciamouth,Threat agency eat charge raise interview model.,./Resources/images/Evidence/sadboy.jpeg,PENDING
CID 149,Susan Mcgrath,Mark Schmidt,3040303084,93123-1322335-8,197 White Spurs Apt. 756 Cynthiaville AK 69380,5/3/2025,6:44 PM,North Michael,Oil about mention discover whose election sign quite.,./Resources/images/Evidence/sadboy.jpeg,PENDING
CID 150,Christopher Grant,George Brooks,3518931531,93123-1322335-9,0102 Nicholas Turnpike Suite 247 Benitezmouth MI 75038,8/19/2023,10:15 AM,Lake Elizabeth,Particular yeah before young kind step its.,./Resources/images/Evidence/sadboy.jpeg,PENDING
CID 151,Jennifer Brown,Joseph Mcgee,3056295520,93123-1322336-0,1875 Brown Cliff Lake Chad WV 37182,10/1/2023,3:05 AM,Jenniferville,As officer machine pay rise season federal worry discuss skin while rock.,./Resources/images/Evidence/sadboy.jpeg,PENDING
CID 152,Charles White,Sally Cole,3628233576,93123-1322336-1,619 Ferguson Fields Frederickton WV 12776,4/15/2025,1:12 AM,Port Clarence,Just degree name tend company number early.,./Resources/images/Evidence/sadboy.jpeg,PENDING
CID 153,Jonathan Gibson,Judith Nguyen,3370259310,93123-1322336-2,1992 Loretta Rest Bonillahaven CT 22273,12/22/2023,6:11 PM,Lake Toddbury,Including always far push at environment officer among sport concern.,./Resources/images/Evidence/sadboy.jpeg,PENDING
CID 154,David Sparks,Mrs. Michelle Jackson MD,3629066294,93123-1322336-3,41525 Bobby Summit Barrettfurt DE 49704,6/21/2024,4:21 AM,East Robertstad,Ten team grow piece identify at do manager attention.,./Resources/images/Evidence/sadboy.jpeg,PENDING
CID 155,Rachael Perez MD,Brianna Cooper,3551869466,93123-1322336-4,PSC 8810 Box 8987 APO AP 11022,3/10/2024,5:50 PM,West Cynthia,Win bad understand great go manager.,./Resources/images/Evidence/sadboy.jpeg,PENDING
CID 156,Kenneth Poole,Sarah Williams,3297117465,93123-1322336-5,948 Patty Dale Suite 937 Lake Natasha MD 38179,6/22/2023,8:21 PM,Brownbury,Successful significant until away tend vote theory maintain former.,./Resources/images/Evidence/sadboy.jpeg,PENDING
CID 157,Stephen Allen,Jennifer Rodriguez,3564845482,93123-1322336-6,13981 Brown Coves Joshuamouth AK 73527,11/28/2024,3:02 AM,Caseyland,Individual wall bed network left could father player year.,./Resources/images/Evidence/sadboy.jpeg,PENDING
CID 158,Michael Baker,Jason Mcdonald,3611292951,93123-1322336-7,551 Sabrina Spurs Suite 526 Cristianmouth MS 20520,11/18/2024,1:25 PM,Corteztown,Party alone keep team skin style force trade effect course begin.,./Resources/images/Evidence/sadboy.jpeg,PENDING
CID 159,Janet Brock,Erin Howard,3645398704,93123-1322336-8,376 Gail Isle Suite 941 East Sara MD 29927,1/22/2025,11:05 PM,Jimmymouth,Social word value everything dog decide.,./Resources/images/Evidence/sadboy.jpeg,PENDING
CID 160,Paul Bowen,Jesus Wood,3881314801,93123-1322336-9,981 Jill Mountains New Stephanieberg VT 22272,1/7/2025,10:07 PM,North Steven,Prepare dinner herself ready office response either and.,./Resources/images/Evidence/sadboy.jpeg,PENDING
CID 161,Julie Williams,Kathryn Houston,3715628963,93123-1322337-0,581 Burnett Passage Lake Wendyburgh IL 64964,4/4/2025,5:50 AM,Timothyport,Which big of carry especially energy under condition.,./Resources/images/Evidence/sadboy.jpeg,PENDING
CID 162,Randy Mccall,Jennifer Bowen,3926454484,93123-1322337-1,89109 Cannon Hills Port Chelsea DE 17018,9/10/2023,7:08 PM,Antonioton,Ready collection majority successful support ok have policy town relate.,./Resources/images/Evidence/sadboy.jpeg,PENDING
CID 163,Austin Smith,Ryan Rodriguez,3662385027,93123-1322337-2,1228 Heather Drive West Lauren SC 80213,11/14/2023,1:54 PM,West Hayley,Rich throw operation street close stop Mrs add similar how people various.,./Resources/images/Evidence/sadboy.jpeg,PENDING
CID 164,Jennifer Martin,Tiffany Schroeder,3210417432,93123-1322337-3,6447 Chavez Cliff East Andreaville AR 70054,1/4/2024,11:06 PM,Lawrenceland,Sit figure buy pick during create vote.,./Resources/images/Evidence/sadboy.jpeg,PENDING
CID 165,Whitney Keith,David Vargas,3828552542,93123-1322337-4,65157 Douglas Fords Lake Jessicafurt IL 40135,7/15/2023,9:45 AM,Lake Adam,Pattern figure year talk compare woman your cell participant fight man.,./Resources/images/Evidence/sadboy.jpeg,PENDING
CID 166,Cody Cross,Eric Smith,3998848987,93123-1322337-5,0630 Daniel Extension Suite 654 West Joshuachester MI 61425,12/21/2023,8:17 AM,Jamesshire,Until court product community son moment skin particularly development red nature my who.,./Resources/images/Evidence/sadboy.jpeg,PENDING
CID 167,Jonathan Spencer,Jesus Johnson,3829886757,93123-1322337-6,64175 Pamela Plain Apt. 429 Frankbury NV 97768,2/28/2024,6:55 AM,West Adammouth,Size effort former like agreement include section he probably skin.,./Resources/images/Evidence/sadboy.jpeg,PENDING
CID 168,Angel French,William Wood,3154298696,93123-1322337-7,5009 Tamara Mountains Brianfurt AZ 07538,2/23/2024,3:59 PM,Harrisland,Per political find them civil example.,./Resources/images/Evidence/sadboy.jpeg,PENDING
CID 169,Patrick Becker,Douglas Franklin,3333659072,93123-1322337-8,0580 Allen Loaf Apt. 588 Port Josephland NV 69496,1/6/2024,2:20 PM,North Diana,Walk least charge same behind cultural side impact green.,./Resources/images/Evidence/sadboy.jpeg,PENDING
CID 170,Michael Keith,Ernest Torres,3312949475,93123-1322337-9,53664 Megan Valleys Suite 578 New Anthony NH 47985,1/21/2025,1:15 AM,Elizabethside,Dark Mrs film medical money act just wind.,./Resources/images/Evidence/sadboy.jpeg,PENDING
CID 171,Michael Collins,Edgar Martin,3285351011,93123-1322338-0,0453 Deborah Drives Edwardsland NM 94873,12/2/2024,4:32 PM,South Erik,Serious cause water partner western Democrat behind skill service.,./Resources/images/Evidence/sadboy.jpeg,PENDING
CID 172,Jessica Andrade,Haley Cuevas,3220534567,93123-1322338-1,USCGC Williams FPO AA 99558,10/1/2023,5:02 PM,Adamsberg,Western the few college I camera away.,./Resources/images/Evidence/sadboy.jpeg,PENDING
CID 173,David Murray,Crystal Burns,3690245880,93123-1322338-2,04242 Angela Pass Jayshire AK 17895,8/14/2023,4:45 AM,Ortizland,Tonight early cold affect risk expert north.,./Resources/images/Evidence/sadboy.jpeg,PENDING
CID 174,Mary Reyes,Nathan King,3193283465,93123-1322338-3,030 Fleming Circles Dawnland FL 17933,5/10/2024,10:40 PM,Johnsonberg,Behavior safe stop cold field central skin.,./Resources/images/Evidence/sadboy.jpeg,PENDING
CID 175,Ashley Rivera,Keith Benson,3730142185,93123-1322338-4,9683 Edward Village Allenview PA 87997,8/15/2024,5:51 AM,Alexanderfurt,Degree yet close about eye piece total contain certain.,./Resources/images/Evidence/sadboy.jpeg,PENDING
CID 176,Wayne Munoz,Michael Davis,3990795034,93123-1322338-5,993 Irwin Fall Apt. 804 South Scott DC 03747,8/23/2023,4:43 PM,New Raymond,Door middle yard reality provide must sit.,./Resources/images/Evidence/sadboy.jpeg,PENDING
CID 177,Cathy Harris,Sarah Gonzalez,3043886336,93123-1322338-6,16761 Kevin Tunnel Apt. 394 North Cheyenne DC 59646,11/12/2023,12:42 PM,Williammouth,Opportunity myself at debate war card low strong smile end wonder cost.,./Resources/images/Evidence/sadboy.jpeg,PENDING
CID 178,Cheryl Mccarthy,Charles Ramirez,3560535341,93123-1322338-7,916 Jessica Tunnel Aaronview ID 92235,10/19/2023,4:11 AM,North Oscar,Century send west voice degree trial follow space decide sell magazine even PM.,./Resources/images/Evidence/sadboy.jpeg,PENDING
CID 179,Jose Buck,Nicole Daniel,3093988644,93123-1322338-8,PSC 7466 Box 7109 APO AA 92575,12/30/2023,1:45 AM,East Nicole,Year recognize half model hour hear agreement.,./Resources/images/Evidence/sadboy.jpeg,PENDING
CID 180,Christopher Mahoney,Suzanne Weeks,3076618290,93123-1322338-9,USS Aguilar FPO AA 32007,8/11/2023,3:08 PM,Amandaland,Rock thought culture most camera tend by dark.,./Resources/images/Evidence/sadboy.jpeg,PENDING
CID 181,Sarah Freeman,Sara Ross,3158098959,93123-1322339-0,354 Whitehead Forges Apt. 005 North James NM 06860,5/28/2024,8:25 PM,Stephanieside,Clearly write life without wind thank.,./Resources/images/Evidence/sadboy.jpeg,PENDING
CID 182,Elizabeth Willis,Jennifer Fields,3430241249,93123-1322339-1,2259 Kaylee Isle Emilyland ND 85950,3/11/2024,4:59 PM,West Anthonymouth,Late sort seat his tree page across once station assume pay.,./Resources/images/Evidence/sadboy.jpeg,PENDING
CID 183,Stephen Hicks,Traci Gonzalez,3741694856,93123-1322339-2,2040 Miller Manors South Tiffanyburgh MD 05997,4/28/2025,3:04 PM,Annefurt,Base arm protect put carry expect far take hold his us would take inside.,./Resources/images/Evidence/sadboy.jpeg,PENDING
CID 184,Michelle Sweeney,Julie Clark,3857755941,93123-1322339-3,57502 Kenneth Point Wayneview DE 49075,3/21/2024,6:31 AM,Thompsonbury,Her attack yet key commercial couple piece especially tell raise investment.,./Resources/images/Evidence/sadboy.jpeg,PENDING
CID 185,Casey Alexander DVM,Andrew Rush,3264319439,93123-1322339-4,414 Michael Motorway Apt. 162 Lake Emilymouth OH 88078,7/3/2024,8:35 AM,Hensleyport,May knowledge laugh north federal establish stage.,./Resources/images/Evidence/sadboy.jpeg,PENDING
CID 186,Lori Payne,Kathy Lewis,3546217278,93123-1322339-5,99025 Michael Trail Suite 215 New Edward PA 78163,9/8/2024,2:57 AM,Port Juliamouth,His media Democrat age also start.,./Resources/images/Evidence/sadboy.jpeg,PENDING
CID 187,Heidi Gilmore,Troy Melton,3762692974,93123-1322339-6,7497 Joseph Manor Hickmanland WY 70744,6/30/2023,12:01 AM,Davidview,Point will health travel management mean big wall structure toward guess nation.,./Resources/images/Evidence/sadboy.jpeg,PENDING
CID 188,Jacob Morris,Mark Cruz,3051710064,93123-1322339-7,4357 Alexis Isle North Karen OH 73460,4/25/2025,12:38 PM,Port James,Record but instead back wait plant them wish learn.,./Resources/images/Evidence/sadboy.jpeg,PENDING
CID 189,Paige Elliott,Peter Robertson,3848685269,93123-1322339-8,08674 Sarah Creek Armstrongton DE 69245,12/10/2023,5:20 AM,Jonathanmouth,Administration yeah institution often they stop beyond former ground.,./Resources/images/Evidence/sadboy.jpeg,PENDING
CID 190,Nicole Long,Tammy Patterson,3872937045,93123-1322339-9,0655 Hill Mountain Apt. 739 Amandachester GA 16401,9/15/2023,9:07 PM,Sharpview,Those own forward break close wrong future.,./Resources/images/Evidence/sadboy.jpeg,PENDING
CID 191,Jessica Hall,Jessica Tran,3081376067,93123-1322340-0,83984 Briana Freeway South Carl WI 39011,8/20/2023,6:56 PM,New Nathaniel,People feeling add suffer off yourself marriage hand.,./Resources/images/Evidence/sadboy.jpeg,PENDING
CID 192,Jessica Carter,Mary Diaz,3984100995,93123-1322340-1,16802 Ramirez Isle Phillipshire FL 78143,11/12/2024,5:47 AM,North Michaelborough,Line usually until hit unit skill far.,./Resources/images/Evidence/sadboy.jpeg,PENDING
CID 193,Frank Mcdonald,Blake Harvey,3415140653,93123-1322340-2,059 Mullen Courts South Jeffrey VT 68443,8/19/2023,1:25 AM,Herreraland,Everybody increase according drug why art.,./Resources/images/Evidence/sadboy.jpeg,PENDING
CID 194,Susan Davis,Dawn Garcia,3763024762,93123-1322340-3,028 Williams Plains Rossshire UT 40364,2/21/2024,2:54 AM,Lake Carrieborough,Computer common those social your record avoid history.,./Resources/images/Evidence/sadboy.jpeg,PENDING
CID 195,Joseph Erickson,Joseph Bell,3164194274,93123-1322340-4,75733 Daniel Parkway Apt. 534 West Benjamin FL 86890,1/9/2024,11:49 AM,Deborahside,Those whether after reason sea thank president play hard could hope be investment.,./Resources/images/Evidence/sadboy.jpeg,PENDING
CID 196,Derek Morales,Jennifer Stone,3576572669,93123-1322340-5,7163 Teresa Rest Suite 798 Tylerburgh WI 50534,3/20/2025,5:29 AM,West Diana,Painting budget Congress care medical common involve his seven strong.,./Resources/images/Evidence/sadboy.jpeg,PENDING
CID 197,Kelly Kelly,Alexander Wagner,3012776128,93123-1322340-6,98875 Ramirez Corners Apt. 951 Robinberg UT 24908,6/2/2024,4:16 AM,Woodton,Maintain different commercial model carry front half my.,./Resources/images/Evidence/sadboy.jpeg,PENDING
CID 198,Lisa Ramos,Brandon Young,3414600117,93123-1322340-7,69382 Hoover Estate Suite 315 New Julie NJ 49809,10/12/2024,1:01 AM,South Karen,Reach central once pull term attention trade rest budget.,./Resources/images/Evidence/sadboy.jpeg,PENDING
CID 199,Katie Smith,Jasmine Rodgers,3488115213,93123-1322340-8,30278 Smith Ferry East Joseph DC 08840,3/23/2024,12:46 PM,Lake Daniel,Protect war win also police every.,./Resources/images/Evidence/sadboy.jpeg,PENDING
CID 200,Michelle Tucker,Christopher Kelly,3437796219,93123-1322340-9,03434 Becker Trafficway Karlview IL 04915,4/30/2025,7:31 PM,Whitebury,Job threat oil soldier as police total sound experience sit analysis result.,./Resources/images/Evidence/sadboy.jpeg,PENDING
CID 201,Kimberly Robinson,Christopher Page,3879291381,93123-1322341-0,09581 Johnson Trail Suite 342 Thomasborough IL 55567,12/14/2023,12:47 PM,Lynchshire,Usually camera onto safe whatever third never sell performance upon.,./Resources/images/Evidence/sadboy.jpeg,PENDING
CID 202,Joseph Smith,Richard Foster,3561817673,93123-1322341-1,39905 Phillips Wall Port Jacquelinechester CA 16005,3/27/2024,12:50 AM,Hannahmouth,Much others north home describe paper eight team travel adult challenge care.,./Resources/images/Evidence/sadboy.jpeg,PENDING
CID 203,Renee Gutierrez,Cameron Keith,3438047443,93123-1322341-2,073 Beard Garden Port Tammyville NJ 87115,2/14/2025,4:36 AM,Lake Anneville,Wide senior actually director large blood stay.,./Resources/images/Evidence/sadboy.jpeg,PENDING
CID 204,Nancy Clark,George Lopez,3185972365,93123-1322341-3,644 Jacob Forks Laurenshire MD 58491,4/8/2025,5:43 AM,North Daniel,Use place score kitchen daughter American wall social student relationship.,./Resources/images/Evidence/sadboy.jpeg,PENDING
CID 205,Christopher Kelly,Yolanda Johnson,3542567474,93123-1322341-4,4140 Nathan Bridge Quinnmouth MN 34587,11/20/2023,7:55 PM,West Robertshire,Human physical candidate stage practice consider.,./Resources/images/Evidence/sadboy.jpeg,PENDING
CID 206,Christine Rogers,Steven Martinez,3981508524,93123-1322341-5,50760 Heather Courts Emilyhaven TX 07100,3/18/2024,10:57 PM,North Sean,Team study late certainly itself better key magazine part way unit test new sing.,./Resources/images/Evidence/sadboy.jpeg,PENDING
CID 207,Michael Hebert,Samantha Crawford,3531817227,93123-1322341-6,3075 Rebecca Landing Apt. 161 New Pamela GA 58742,9/24/2024,4:54 AM,Noblestad,Simple total walk attention expect similar must.,./Resources/images/Evidence/sadboy.jpeg,PENDING
CID 208,Monica Cole,Lisa Fry,3254380227,93123-1322341-7,9546 Murphy Neck Katieside AZ 47778,11/2/2023,6:53 PM,Nguyenland,About point our section now sport tough mission speak sell.,./Resources/images/Evidence/sadboy.jpeg,PENDING
CID 209,Gabriela Jackson,Cheryl Mitchell,3088508337,93123-1322341-8,1829 Case Coves Apt. 868 Ashleymouth WA 28392,1/24/2025,4:54 PM,Ramirezport,Light design specific language feel charge age performance policy door believe.,./Resources/images/Evidence/sadboy.jpeg,PENDING
CID 210,Richard Graves MD,Kristin Price,3085815480,93123-1322341-9,Unit 1843 Box 4219 DPO AE 05850,6/17/2023,8:00 AM,Johnstonmouth,Which minute age enjoy approach hotel tax scientist him.,./Resources/images/Evidence/sadboy.jpeg,PENDING
CID 211,Ashley Owens,Stephen Curtis,3256248903,93123-1322342-0,56396 Aaron Avenue Sarahfurt ND 04601,12/1/2023,7:57 PM,Romerostad,Maybe number think goal radio throughout population black represent wall fire while.,./Resources/images/Evidence/sadboy.jpeg,PENDING
CID 212,Lori Craig,Stacey Wise,3549082942,93123-1322342-1,03110 Peterson Inlet South Gregorybury MA 41810,8/12/2023,1:07 AM,Port Ryan,Example live though network movement quite little.,./Resources/images/Evidence/sadboy.jpeg,PENDING
CID 213,Scott West,Stephanie Young,3453352652,93123-1322342-2,93619 Wall Walks Apt. 753 Lindatown CO 03955,8/19/2023,6:42 AM,Marialand,Soon organization car throughout hand wish wife growth ready these standard control number.,./Resources/images/Evidence/sadboy.jpeg,PENDING
CID 214,Scott Townsend,Ryan Reed,3764178098,93123-1322342-3,828 Kimberly Parks Apt. 583 Ericland WY 75519,3/10/2024,5:15 PM,Rachaelborough,Apply her position particularly black big turn table eight Republican level campaign.,./Resources/images/Evidence/sadboy.jpeg,PENDING
CID 215,Sandra Taylor,Lance Pierce,3967848595,93123-1322342-4,435 Lee Manor Alanchester AR 98779,8/19/2024,8:35 AM,South Marie,Management shake various good identify property claim moment reality offer two.,./Resources/images/Evidence/sadboy.jpeg,PENDING
CID 216,Michael Hamilton,Timothy Brown,3210135934,93123-1322342-5,72098 Brooks Plains Lake Rhonda KY 01865,11/21/2023,10:07 AM,New Josephshire,It research part eight dinner do type suffer herself.,./Resources/images/Evidence/sadboy.jpeg,PENDING
CID 217,Michelle Rios,Erica Webb,3286316570,93123-1322342-6,50870 Fischer Ford Apt. 092 Josephburgh PA 61244,11/3/2023,9:59 PM,West Sharonmouth,Plan view crime herself open become every although history.,./Resources/images/Evidence/sadboy.jpeg,PENDING
CID 218,Vincent Turner,Julia Beck,3069309320,93123-1322342-7,Unit 6925 Box 7835 DPO AA 95474,5/18/2025,10:25 PM,Debraborough,But decision air air strategy again authority camera the then certainly.,./Resources/images/Evidence/sadboy.jpeg,PENDING
CID 219,Daniel Cline,Ryan Greer,3255814705,93123-1322342-8,4571 Hays Ways Stevenmouth TX 41349,11/12/2024,7:18 PM,New Amy,Single behind nearly anything capital very offer speak her.,./Resources/images/Evidence/sadboy.jpeg,PENDING
CID 220,Tanya Monroe,Michelle Hernandez,3074479878,93123-1322342-9,3507 Warner Keys Apt. 258 Romerofort WV 25378,8/5/2024,4:34 PM,Kathymouth,Card want television system involve than his reduce article rich often.,./Resources/images/Evidence/sadboy.jpeg,PENDING
CID 221,Alyssa Gomez,Brandy George,3492169805,93123-1322343-0,6611 Mark Court North Brittany NE 72667,10/17/2024,6:23 PM,South Daniel,Design direction look town party worker news pick edge.,./Resources/images/Evidence/sadboy.jpeg,PENDING
CID 222,Tamara Lopez,Dustin Price,3319428267,93123-1322343-1,8010 Daniel River New Meganmouth IL 27149,11/2/2023,1:13 AM,Mikaylaport,Describe organization third late interesting commercial thousand same research maybe pull upon offer.,./Resources/images/Evidence/sadboy.jpeg,PENDING
CID 223,Ryan Baker,Timothy Flowers,3866892107,93123-1322343-2,82400 Taylor Stream Suite 784 Lake Yeseniaview MN 92490,2/18/2024,4:15 PM,New Derrick,Per produce chair speech interesting skin join party experience bit from none health.,./Resources/images/Evidence/sadboy.jpeg,PENDING
CID 224,Kevin Vega,Laura Herman,3433331542,93123-1322343-3,7018 Katie Vista North Chrisshire IL 86355,9/16/2023,4:58 PM,Laurieland,Surface quite seat lot behavior movement woman big network little.,./Resources/images/Evidence/sadboy.jpeg,PENDING
CID 225,Anthony Campbell,Christopher Butler,3832798068,93123-1322343-4,91315 Anderson Knoll Suite 745 North Haleyton CA 90770,12/14/2023,12:19 AM,Calvinchester,Too local experience voice learn hard.,./Resources/images/Evidence/sadboy.jpeg,PENDING
CID 226,Debbie Jones,Jennifer Taylor,3198430927,93123-1322343-5,22876 Thomas Hills Port Christopherville HI 13481,7/28/2023,9:58 AM,Sherriland,Democratic section agree then like about factor example then economic seven never.,./Resources/images/Evidence/sadboy.jpeg,PENDING
CID 227,Jamie Fernandez,Nicole Johnson,3287804266,93123-1322343-6,450 Hall Pines Suite 523 Lake Jeantown SC 54488,10/3/2024,6:01 AM,North Christopher,Several magazine sign act outside tough evidence management short medical past water structure.,./Resources/images/Evidence/sadboy.jpeg,PENDING
CID 228,Leslie Cummings,Brenda Cervantes,3177635426,93123-1322343-7,5392 Crystal Mission Kathrynstad IA 98699,10/15/2024,1:10 AM,Port Leahstad,Way president thought investment contain role until truth especially.,./Resources/images/Evidence/sadboy.jpeg,PENDING
CID 229,Leah Berry,Tina Chang,3891207855,93123-1322343-8,96091 Wendy Manors Apt. 732 East Margaretshire KY 16722,7/30/2024,10:59 AM,Coopershire,Surface add age without relationship consider ground food value.,./Resources/images/Evidence/sadboy.jpeg,PENDING
CID 230,Madison Barton,Cathy Perez,3668336064,93123-1322343-9,8106 Rachel Unions Apt. 679 East Brittney LA 89674,3/28/2025,7:41 AM,West Jacquelinetown,Improve note our song similar born best discussion father support information board.,./Resources/images/Evidence/sadboy.jpeg,PENDING
CID 231,James Beck,Yesenia Byrd,3451795101,93123-1322344-0,9382 Bryan Trail North Pedro NM 40438,11/13/2023,12:06 PM,Martinmouth,Hospital president establish argue television or.,./Resources/images/Evidence/sadboy.jpeg,PENDING
CID 232,Christopher Butler,Zachary Hicks,3411830074,93123-1322344-1,6184 Woods Corner North Anneside MA 07454,6/30/2023,11:41 PM,Colemanstad,Fill short attack would you service along after beyond hour phone.,./Resources/images/Evidence/sadboy.jpeg,PENDING
CID 233,Brittany Erickson,Cheryl Richardson,3647640123,93123-1322344-2,300 Vanessa Manors Johnstonborough DC 88666,4/10/2024,5:16 PM,Andersonburgh,Usually lawyer reach later surface interest Democrat step home hotel put everyone.,./Resources/images/Evidence/sadboy.jpeg,PENDING
CID 234,Heather Ryan,Kimberly Reyes,3482191750,93123-1322344-3,4810 Daniel Stravenue South Amberside AL 78299,1/23/2025,1:55 PM,Robertobury,None foot affect issue campaign one leader space world.,./Resources/images/Evidence/sadboy.jpeg,PENDING
CID 235,Laura Schultz,Anthony Morgan,3884431763,93123-1322344-4,328 Clark Dam Apt. 354 Christineville MS 01340,12/2/2024,4:49 PM,East Deniseberg,Public far meeting many rich perform north shoulder because skill send.,./Resources/images/Evidence/sadboy.jpeg,PENDING
CID 236,Adrian Brown,Shirley Hobbs,3555937874,93123-1322344-5,9369 Jacob Harbor West Joshua MA 97634,4/18/2024,2:36 PM,East Daniel,Chance subject majority year either career where.,./Resources/images/Evidence/sadboy.jpeg,PENDING
CID 237,Lindsey Boyle,Jason Martin,3367941309,93123-1322344-6,170 Madison Mountain Apt. 258 Whitechester NM 94455,6/27/2023,3:35 AM,New Timothy,Ready notice help natural clearly remain yourself consider bad new for people wide.,./Resources/images/Evidence/sadboy.jpeg,PENDING
CID 238,Natalie Duran,Jennifer Mendez,3210795584,93123-1322344-7,242 Trujillo Station Suite 713 Claudiaborough NY 05263,6/24/2023,3:37 PM,East Christina,Speech population and around summer trouble send born share do million never.,./Resources/images/Evidence/sadboy.jpeg,PENDING
CID 239,Jessica Travis,Julie Perez,3830848444,93123-1322344-8,6310 Craig Squares Apt. 787 Lake Melissaland DC 40283,4/7/2024,2:29 AM,East Jenniferburgh,Here detail then sure race color deal make just himself.,./Resources/images/Evidence/sadboy.jpeg,PENDING
CID 240,James Gonzalez,Olivia Boone,3961559010,93123-1322344-9,1237 Kristin Street Anthonymouth IN 64034,10/19/2023,10:38 PM,Port Shaneton,Dream wind time let notice describe she need game your affect throw save.,./Resources/images/Evidence/sadboy.jpeg,PENDING
CID 241,Holly Cannon,Daniel Rodriguez,3572294550,93123-1322345-0,USNS Cross FPO AP 67338,2/5/2025,3:12 PM,West Jackview,Republican while development home away democratic.,./Resources/images/Evidence/sadboy.jpeg,PENDING
CID 242,Laura Cooper,Raymond Coleman,3085376494,93123-1322345-1,00830 Norma Trail Julieborough VA 27356,8/22/2023,7:57 PM,Carolside,Take where perform idea your shake environment stand what.,./Resources/images/Evidence/sadboy.jpeg,PENDING
CID 243,Kyle Cooper,Nancy Robinson,3695451775,93123-1322345-2,7008 Emily Vista Apt. 999 Lake Amber ME 18252,12/15/2024,11:36 PM,Port Juliefurt,Democrat Republican inside continue break where may growth.,./Resources/images/Evidence/sadboy.jpeg,PENDING
CID 244,Theresa James,Vanessa Dixon,3940642187,93123-1322345-3,9868 Osborn Cliffs Walkerberg PA 49164,4/5/2024,7:08 PM,West Maryville,Tough dark wear hospital whose past we line recent serve better trade.,./Resources/images/Evidence/sadboy.jpeg,PENDING
CID 245,Kari Lopez,Alice Mason,3058616671,93123-1322345-4,606 Stephen Cliffs Wadetown DE 51055,12/7/2023,12:54 PM,Rebeccamouth,Claim pretty side ask art less his.,./Resources/images/Evidence/sadboy.jpeg,PENDING
CID 246,Sarah Berg,Jerry Lowe,3831275738,93123-1322345-5,12611 Hancock Cape Suite 959 South Johnberg KY 67979,11/15/2024,11:28 AM,Robertsview,News information physical already learn address edge lead pretty.,./Resources/images/Evidence/sadboy.jpeg,PENDING
CID 247,Kyle Booth,Jessica French,3394679038,93123-1322345-6,05006 Case Mews Carpentermouth KY 93302,11/15/2024,1:52 AM,South Williambury,Box evening fire phone whom public child red international.,./Resources/images/Evidence/sadboy.jpeg,PENDING
CID 248,Mike Thompson,Megan Smith,3594263922,93123-1322345-7,Unit 4483 Box 4837 DPO AA 15089,12/31/2024,11:52 PM,North Michellemouth,Answer growth who performance finish education investment south.,./Resources/images/Evidence/sadboy.jpeg,PENDING
CID 249,Jennifer Juarez,Ethan Singh,3712569124,93123-1322345-8,015 Peter Inlet Campbelltown ID 22890,10/31/2024,7:56 PM,Steelefurt,Entire oil research base produce artist yet public spend once.,./Resources/images/Evidence/sadboy.jpeg,PENDING
CID 250,Muhammad Affan bin Aamir,Muhammad Aamir,3462738153,42101-6326127-5,Jhar,6/3/2025,1:30am,Johar,asasa,./Resources/images/Evidence/sadboy.jpeg,DISAPPROVED
